Date,Open,Close,High,Low,Volume
2020-09-29 09:25:00,1.16904,1.1691,1.16915,1.16887,130
2020-09-29 09:26:00,1.1691,1.16877,1.16911,1.16875,111
2020-09-29 09:27:00,1.16877,1.16914,1.16915,1.16872,179
2020-09-29 09:28:00,1.16913,1.16935,1.16941,1.16913,188
2020-09-29 09:29:00,1.16934,1.16925,1.16935,1.16923,92
2020-09-29 09:30:00,1.16925,1.16937,1.16937,1.16912,119
2020-09-29 09:31:00,1.16937,1.16911,1.16939,1.16905,124
2020-09-29 09:32:00,1.16911,1.16922,1.16927,1.16902,105
2020-09-29 09:33:00,1.16923,1.16917,1.1693,1.16915,86
2020-09-29 09:34:00,1.16917,1.16932,1.16935,1.16899,116
2020-09-29 09:35:00,1.16931,1.16918,1.16933,1.16906,127
2020-09-29 09:36:00,1.16917,1.16937,1.16941,1.16917,92
2020-09-29 09:37:00,1.16937,1.16953,1.16973,1.16936,176
2020-09-29 09:38:00,1.16955,1.16945,1.16959,1.16931,165
2020-09-29 09:39:00,1.16946,1.16943,1.16955,1.16936,103
2020-09-29 09:40:00,1.16942,1.16947,1.16955,1.16933,96
2020-09-29 09:41:00,1.16947,1.16945,1.16957,1.16936,123
2020-09-29 09:42:00,1.16945,1.16953,1.16955,1.16924,137
2020-09-29 09:43:00,1.16953,1.16961,1.16961,1.16951,73
2020-09-29 09:44:00,1.16961,1.16951,1.16968,1.16942,129
2020-09-29 09:45:00,1.16952,1.16962,1.16965,1.16952,82
2020-09-29 09:46:00,1.16962,1.16956,1.16963,1.16951,87
2020-09-29 09:47:00,1.16956,1.16967,1.1697,1.16953,81
2020-09-29 09:48:00,1.16967,1.16968,1.16971,1.16963,59
2020-09-29 09:49:00,1.16968,1.16955,1.16969,1.16954,81
2020-09-29 09:50:00,1.16954,1.16957,1.16967,1.16951,117
2020-09-29 09:51:00,1.16957,1.16936,1.16963,1.16936,114
2020-09-29 09:52:00,1.16937,1.16945,1.16947,1.16932,147
2020-09-29 09:53:00,1.16945,1.16966,1.16968,1.16937,143
2020-09-29 09:54:00,1.16967,1.16968,1.16977,1.16957,147
2020-09-29 09:55:00,1.16968,1.16947,1.16971,1.16941,130
2020-09-29 09:56:00,1.16947,1.1695,1.16957,1.16943,83
2020-09-29 09:57:00,1.1695,1.16951,1.16956,1.16941,110
2020-09-29 09:58:00,1.16951,1.16939,1.16953,1.16936,129
2020-09-29 09:59:00,1.16939,1.16937,1.16948,1.16935,107
2020-09-29 10:00:00,1.16937,1.16931,1.16943,1.16928,122
2020-09-29 10:01:00,1.16929,1.16904,1.16932,1.16904,224
2020-09-29 10:02:00,1.16903,1.16908,1.16919,1.16901,231
2020-09-29 10:03:00,1.16907,1.16915,1.16917,1.16899,106
2020-09-29 10:04:00,1.16915,1.16911,1.1693,1.16905,159
2020-09-29 10:05:00,1.16911,1.16899,1.16911,1.16896,159
2020-09-29 10:06:00,1.16899,1.16895,1.16905,1.16888,125
2020-09-29 10:07:00,1.16894,1.16891,1.16899,1.16889,60
2020-09-29 10:08:00,1.16891,1.16885,1.16891,1.16875,93
2020-09-29 10:09:00,1.16887,1.16876,1.16887,1.16873,131
2020-09-29 10:10:00,1.16876,1.16875,1.16887,1.16871,150
2020-09-29 10:11:00,1.16877,1.1689,1.16891,1.16877,73
2020-09-29 10:12:00,1.1689,1.16908,1.16912,1.1689,154
2020-09-29 10:13:00,1.16907,1.16911,1.16913,1.16903,120
2020-09-29 10:14:00,1.16911,1.16921,1.16921,1.16911,54
2020-09-29 10:15:00,1.16921,1.16913,1.16926,1.16901,137
2020-09-29 10:16:00,1.16914,1.16907,1.16915,1.16899,53
2020-09-29 10:17:00,1.16907,1.16915,1.16915,1.16901,97
2020-09-29 10:18:00,1.16915,1.16892,1.16919,1.16892,88
2020-09-29 10:19:00,1.16891,1.16905,1.16914,1.16869,237
2020-09-29 10:20:00,1.16903,1.1692,1.1692,1.16897,119
2020-09-29 10:21:00,1.16919,1.16905,1.16927,1.16905,89
2020-09-29 10:22:00,1.16905,1.16898,1.16916,1.16898,98
2020-09-29 10:23:00,1.16898,1.1691,1.1691,1.16891,154
2020-09-29 10:24:00,1.1691,1.16936,1.16939,1.16909,134
2020-09-29 10:25:00,1.16936,1.16921,1.16937,1.16917,111
2020-09-29 10:26:00,1.16921,1.16919,1.16923,1.16917,57
2020-09-29 10:27:00,1.16919,1.16923,1.16925,1.16914,61
2020-09-29 10:28:00,1.16923,1.16915,1.16926,1.16915,70
2020-09-29 10:29:00,1.16915,1.16916,1.16918,1.16915,40
2020-09-29 10:30:00,1.16916,1.16915,1.16919,1.16915,55
2020-09-29 10:31:00,1.16916,1.16899,1.16917,1.16897,79
2020-09-29 10:32:00,1.16899,1.16899,1.16903,1.16897,41
2020-09-29 10:33:00,1.16899,1.16895,1.16902,1.16895,45
2020-09-29 10:34:00,1.16893,1.16881,1.16895,1.16881,69
2020-09-29 10:35:00,1.16881,1.16861,1.16881,1.16855,107
2020-09-29 10:36:00,1.16861,1.16843,1.16861,1.16837,151
2020-09-29 10:37:00,1.16844,1.16839,1.16844,1.16833,95
2020-09-29 10:38:00,1.16839,1.16829,1.16839,1.16819,132
2020-09-29 10:39:00,1.16831,1.16835,1.16841,1.16825,142
2020-09-29 10:40:00,1.16835,1.16837,1.16841,1.16831,87
2020-09-29 10:41:00,1.16837,1.16847,1.16851,1.16837,81
2020-09-29 10:42:00,1.16846,1.16843,1.16849,1.16843,57
2020-09-29 10:43:00,1.16843,1.16836,1.16846,1.16826,91
2020-09-29 10:44:00,1.16837,1.16826,1.16837,1.16826,47
2020-09-29 10:45:00,1.16826,1.16819,1.16829,1.16817,64
2020-09-29 10:46:00,1.16818,1.16837,1.16839,1.16817,145
2020-09-29 10:47:00,1.16837,1.16841,1.1685,1.16836,81
2020-09-29 10:48:00,1.16841,1.16831,1.16841,1.16821,156
2020-09-29 10:49:00,1.16831,1.16842,1.16846,1.16831,87
2020-09-29 10:50:00,1.16842,1.16843,1.16849,1.16835,160
2020-09-29 10:51:00,1.16843,1.1685,1.16853,1.16841,149
2020-09-29 10:52:00,1.16851,1.16861,1.16861,1.16846,72
2020-09-29 10:53:00,1.1686,1.16859,1.16883,1.16858,163
2020-09-29 10:54:00,1.16858,1.16862,1.16863,1.16854,42
2020-09-29 10:55:00,1.16862,1.16853,1.16862,1.16844,94
2020-09-29 10:56:00,1.16853,1.16877,1.1688,1.16849,214
2020-09-29 10:57:00,1.16876,1.16878,1.16879,1.16867,178
2020-09-29 10:58:00,1.16878,1.16907,1.16911,1.16876,218
2020-09-29 10:59:00,1.16907,1.16933,1.16947,1.16903,305
2020-09-29 11:00:00,1.16935,1.16985,1.16986,1.16935,163
2020-09-29 11:01:00,1.16985,1.16985,1.16988,1.16957,240
2020-09-29 11:02:00,1.16986,1.17057,1.17066,1.16984,452
2020-09-29 11:03:00,1.17057,1.17062,1.17069,1.17041,274
2020-09-29 11:04:00,1.17061,1.17077,1.17087,1.17057,221
2020-09-29 11:05:00,1.17077,1.17056,1.17077,1.17049,147
2020-09-29 11:06:00,1.17055,1.17052,1.17064,1.17039,118
2020-09-29 11:07:00,1.17051,1.17045,1.17057,1.17041,147
2020-09-29 11:08:00,1.17045,1.17051,1.17053,1.17037,127
2020-09-29 11:09:00,1.17051,1.17066,1.17073,1.17049,196
2020-09-29 11:10:00,1.17066,1.17131,1.17141,1.17066,353
2020-09-29 11:11:00,1.17131,1.17136,1.17145,1.17126,245
2020-09-29 11:12:00,1.17135,1.17136,1.17141,1.17119,214
2020-09-29 11:13:00,1.17136,1.17119,1.17141,1.17116,150
2020-09-29 11:14:00,1.1712,1.17109,1.17125,1.17107,152
2020-09-29 11:15:00,1.17108,1.17099,1.17123,1.17097,225
2020-09-29 11:16:00,1.17098,1.17111,1.17126,1.17096,209
2020-09-29 11:17:00,1.17111,1.17094,1.17111,1.17091,149
2020-09-29 11:18:00,1.17094,1.17097,1.17106,1.1709,196
2020-09-29 11:19:00,1.17097,1.17093,1.17098,1.17077,246
2020-09-29 11:20:00,1.17093,1.17095,1.17105,1.17085,238
2020-09-29 11:21:00,1.17095,1.17099,1.17105,1.17083,213
2020-09-29 11:22:00,1.17099,1.17085,1.17106,1.17075,241
2020-09-29 11:23:00,1.17086,1.17083,1.17088,1.17073,261
2020-09-29 11:24:00,1.17083,1.17069,1.17089,1.17069,213
2020-09-29 11:25:00,1.17069,1.17057,1.17073,1.17055,294
2020-09-29 11:26:00,1.17057,1.17069,1.17071,1.17056,189
2020-09-29 11:27:00,1.17067,1.17059,1.17071,1.17059,161
2020-09-29 11:28:00,1.17059,1.17049,1.17063,1.17047,183
2020-09-29 11:29:00,1.17049,1.17027,1.17053,1.17026,146
2020-09-29 11:30:00,1.17027,1.17034,1.17046,1.17027,170
2020-09-29 11:31:00,1.17034,1.17033,1.17039,1.17031,160
2020-09-29 11:32:00,1.17034,1.17049,1.1705,1.17034,148
2020-09-29 11:33:00,1.17049,1.17039,1.17053,1.17035,98
2020-09-29 11:34:00,1.17039,1.17029,1.1705,1.17007,148
2020-09-29 11:35:00,1.17029,1.17046,1.17053,1.17029,94
2020-09-29 11:36:00,1.17046,1.17061,1.17061,1.17046,104
2020-09-29 11:37:00,1.1706,1.17067,1.17071,1.17059,90
2020-09-29 11:38:00,1.17067,1.17059,1.17069,1.17053,49
2020-09-29 11:39:00,1.17059,1.17055,1.17074,1.17055,70
2020-09-29 11:40:00,1.17055,1.17071,1.17073,1.17055,88
2020-09-29 11:41:00,1.17071,1.17071,1.17079,1.17067,94
2020-09-29 11:42:00,1.17071,1.1708,1.17081,1.17071,69
2020-09-29 11:43:00,1.1708,1.17083,1.17083,1.17077,31
2020-09-29 11:44:00,1.17084,1.17077,1.17087,1.17067,79
2020-09-29 11:45:00,1.17077,1.17071,1.17082,1.17071,78
2020-09-29 11:46:00,1.17071,1.17066,1.17072,1.17057,146
2020-09-29 11:47:00,1.17066,1.17063,1.17077,1.17059,143
2020-09-29 11:48:00,1.17062,1.17055,1.17063,1.17049,142
2020-09-29 11:49:00,1.17053,1.17036,1.17057,1.17032,149
2020-09-29 11:50:00,1.17037,1.17035,1.17043,1.17031,125
2020-09-29 11:51:00,1.17034,1.17044,1.17054,1.17031,69
2020-09-29 11:52:00,1.17044,1.17019,1.17044,1.17019,62
2020-09-29 11:53:00,1.17019,1.17028,1.17034,1.17019,73
2020-09-29 11:54:00,1.17028,1.17039,1.17041,1.17027,76
2020-09-29 11:55:00,1.17039,1.17045,1.17045,1.17035,47
2020-09-29 11:56:00,1.17045,1.17039,1.17045,1.17036,44
2020-09-29 11:57:00,1.17039,1.17057,1.17057,1.17037,61
2020-09-29 11:58:00,1.17057,1.17048,1.17059,1.17046,70
2020-09-29 11:59:00,1.17049,1.17073,1.1708,1.17049,137
2020-09-29 12:00:00,1.17074,1.1708,1.17081,1.17063,141
2020-09-29 12:01:00,1.17081,1.17035,1.17087,1.1703,225
2020-09-29 12:02:00,1.17031,1.17034,1.17035,1.17007,204
2020-09-29 12:03:00,1.17034,1.17064,1.17066,1.17034,103
2020-09-29 12:04:00,1.17064,1.17053,1.17069,1.17049,257
2020-09-29 12:05:00,1.17053,1.17026,1.17053,1.17009,297
2020-09-29 12:06:00,1.17025,1.17036,1.17055,1.17022,235
2020-09-29 12:07:00,1.17037,1.1702,1.17037,1.17016,116
2020-09-29 12:08:00,1.1702,1.17011,1.17028,1.17007,123
2020-09-29 12:09:00,1.17011,1.17037,1.17037,1.17009,103
2020-09-29 12:10:00,1.17037,1.17021,1.17037,1.17013,115
2020-09-29 12:11:00,1.17021,1.17031,1.17054,1.17021,213
2020-09-29 12:12:00,1.17032,1.17038,1.17041,1.17031,116
2020-09-29 12:13:00,1.17038,1.17037,1.17049,1.17035,105
2020-09-29 12:14:00,1.17037,1.17015,1.17038,1.17015,92
2020-09-29 12:15:00,1.17016,1.17021,1.1703,1.17016,100
2020-09-29 12:16:00,1.17022,1.17011,1.17022,1.17011,149
2020-09-29 12:17:00,1.17011,1.17024,1.17027,1.17007,114
2020-09-29 12:18:00,1.17025,1.1704,1.17041,1.17023,113
2020-09-29 12:19:00,1.17039,1.17036,1.17043,1.1703,90
2020-09-29 12:20:00,1.17037,1.17037,1.17045,1.17033,75
2020-09-29 12:21:00,1.17037,1.17043,1.17049,1.17037,80
2020-09-29 12:22:00,1.17042,1.17032,1.1706,1.17032,104
2020-09-29 12:23:00,1.17031,1.17031,1.17037,1.17019,81
2020-09-29 12:24:00,1.17031,1.17045,1.17055,1.17031,93
2020-09-29 12:25:00,1.17045,1.17045,1.17049,1.17035,94
2020-09-29 12:26:00,1.17044,1.17047,1.17049,1.17037,89
2020-09-29 12:27:00,1.17047,1.17076,1.17076,1.17043,122
2020-09-29 12:28:00,1.17075,1.17075,1.17103,1.17074,187
2020-09-29 12:29:00,1.17075,1.17073,1.17082,1.17071,140
2020-09-29 12:30:00,1.17073,1.17075,1.17084,1.17064,156
2020-09-29 12:31:00,1.17075,1.17077,1.17086,1.17073,228
2020-09-29 12:32:00,1.17077,1.17067,1.17085,1.17065,139
2020-09-29 12:33:00,1.17065,1.17074,1.17085,1.17061,201
2020-09-29 12:34:00,1.17073,1.17083,1.17093,1.17073,149
2020-09-29 12:35:00,1.17082,1.17078,1.17085,1.17075,151
2020-09-29 12:36:00,1.17079,1.17061,1.1708,1.17061,107
2020-09-29 12:37:00,1.17061,1.17032,1.17061,1.17029,206
2020-09-29 12:38:00,1.17032,1.17039,1.17051,1.17029,90
2020-09-29 12:39:00,1.17039,1.17036,1.17043,1.17027,98
2020-09-29 12:40:00,1.17036,1.17019,1.17037,1.17019,95
2020-09-29 12:41:00,1.17019,1.16975,1.17019,1.16971,269
2020-09-29 12:42:00,1.16973,1.16953,1.16973,1.16931,363
2020-09-29 12:43:00,1.16954,1.16994,1.16994,1.16954,123
2020-09-29 12:44:00,1.16994,1.17016,1.17016,1.16975,166
2020-09-29 12:45:00,1.17016,1.17033,1.17037,1.16999,175
2020-09-29 12:46:00,1.17033,1.17031,1.17037,1.17026,116
2020-09-29 12:47:00,1.17031,1.17047,1.17051,1.17031,115
2020-09-29 12:48:00,1.17045,1.17036,1.17045,1.17031,152
2020-09-29 12:49:00,1.17036,1.17041,1.17045,1.17035,47
2020-09-29 12:50:00,1.17041,1.17043,1.17047,1.17037,67
2020-09-29 12:51:00,1.17043,1.17043,1.17048,1.17041,62
2020-09-29 12:52:00,1.17043,1.17038,1.17049,1.17033,92
2020-09-29 12:53:00,1.17038,1.17013,1.17041,1.16999,165
2020-09-29 12:54:00,1.17014,1.17026,1.17027,1.17011,139
2020-09-29 12:55:00,1.17026,1.17037,1.17041,1.17026,74
2020-09-29 12:56:00,1.17037,1.17061,1.17065,1.17037,185
2020-09-29 12:57:00,1.17061,1.17035,1.17065,1.17035,138
2020-09-29 12:58:00,1.17035,1.17037,1.17042,1.17029,161
2020-09-29 12:59:00,1.17037,1.17015,1.17037,1.17015,159
2020-09-29 13:00:00,1.17015,1.17032,1.17033,1.17015,155
2020-09-29 13:01:00,1.17032,1.17033,1.17037,1.17023,155
2020-09-29 13:02:00,1.17033,1.17033,1.17037,1.17024,170
2020-09-29 13:03:00,1.17033,1.17003,1.17033,1.16993,352
2020-09-29 13:04:00,1.17003,1.16991,1.17003,1.16985,154
2020-09-29 13:05:00,1.16991,1.16973,1.16999,1.16971,233
2020-09-29 13:06:00,1.16973,1.16963,1.16977,1.16951,241
2020-09-29 13:07:00,1.16963,1.16959,1.16967,1.16952,142
2020-09-29 13:08:00,1.16959,1.16981,1.16981,1.16959,142
2020-09-29 13:09:00,1.16981,1.16991,1.16997,1.16981,120
2020-09-29 13:10:00,1.16991,1.16994,1.17009,1.1699,109
2020-09-29 13:11:00,1.16992,1.16967,1.16992,1.16955,103
2020-09-29 13:12:00,1.16967,1.16967,1.16977,1.16961,82
2020-09-29 13:13:00,1.16967,1.16969,1.16993,1.16965,114
2020-09-29 13:14:00,1.16971,1.16965,1.16973,1.16954,166
2020-09-29 13:15:00,1.16965,1.16961,1.16969,1.16959,118
2020-09-29 13:16:00,1.16961,1.16971,1.16979,1.16958,95
2020-09-29 13:17:00,1.16972,1.16989,1.16989,1.16972,65
2020-09-29 13:18:00,1.1699,1.17003,1.17003,1.16987,39
2020-09-29 13:19:00,1.17003,1.17043,1.17043,1.17002,123
2020-09-29 13:20:00,1.17045,1.17053,1.17061,1.17037,179
2020-09-29 13:21:00,1.17053,1.17053,1.17065,1.17046,87
2020-09-29 13:22:00,1.17053,1.17035,1.17055,1.17033,82
2020-09-29 13:23:00,1.17035,1.1704,1.17043,1.17033,71
2020-09-29 13:24:00,1.1704,1.17055,1.1706,1.17039,158
2020-09-29 13:25:00,1.17055,1.1706,1.17068,1.17049,82
2020-09-29 13:26:00,1.1706,1.17069,1.17076,1.1706,64
2020-09-29 13:27:00,1.17068,1.17043,1.17068,1.17042,122
2020-09-29 13:28:00,1.17044,1.17069,1.1707,1.17041,133
2020-09-29 13:29:00,1.17069,1.17068,1.17073,1.17059,100
2020-09-29 13:30:00,1.17069,1.17065,1.17073,1.17061,55
2020-09-29 13:31:00,1.17066,1.17097,1.17098,1.17055,250
2020-09-29 13:32:00,1.17097,1.1715,1.17176,1.17097,404
2020-09-29 13:33:00,1.17151,1.17169,1.17175,1.17131,296
2020-09-29 13:34:00,1.17167,1.17168,1.17186,1.17162,230
2020-09-29 13:35:00,1.17168,1.17136,1.17168,1.17125,273
2020-09-29 13:36:00,1.17137,1.17154,1.17163,1.17129,259
2020-09-29 13:37:00,1.17154,1.17157,1.17176,1.17152,239
2020-09-29 13:38:00,1.17155,1.17189,1.1719,1.17152,236
2020-09-29 13:39:00,1.17189,1.17175,1.17193,1.17173,199
2020-09-29 13:40:00,1.17174,1.17174,1.17185,1.17169,113
2020-09-29 13:41:00,1.17175,1.17261,1.17261,1.17169,279
2020-09-29 13:42:00,1.1726,1.17225,1.1726,1.17217,249
2020-09-29 13:43:00,1.17225,1.17219,1.17252,1.17219,179
2020-09-29 13:44:00,1.17219,1.17213,1.17222,1.17197,324
2020-09-29 13:45:00,1.17213,1.17218,1.17226,1.17203,224
2020-09-29 13:46:00,1.17218,1.17233,1.17247,1.17218,167
2020-09-29 13:47:00,1.17233,1.17253,1.17277,1.17232,287
2020-09-29 13:48:00,1.17253,1.17239,1.17255,1.17231,168
2020-09-29 13:49:00,1.17239,1.17237,1.17239,1.17225,195
2020-09-29 13:50:00,1.17238,1.17239,1.17243,1.17226,210
2020-09-29 13:51:00,1.17239,1.17235,1.17251,1.17235,169
2020-09-29 13:52:00,1.17236,1.17239,1.17247,1.17221,215
2020-09-29 13:53:00,1.17239,1.17249,1.17255,1.17239,120
2020-09-29 13:54:00,1.17249,1.17253,1.1727,1.17245,171
2020-09-29 13:55:00,1.17253,1.17251,1.17253,1.17241,158
2020-09-29 13:56:00,1.17251,1.17243,1.17252,1.17225,205
2020-09-29 13:57:00,1.17243,1.17224,1.17245,1.17221,166
2020-09-29 13:58:00,1.17224,1.17239,1.1724,1.17223,86
2020-09-29 13:59:00,1.17239,1.17229,1.17241,1.17227,124
2020-09-29 14:00:00,1.1723,1.17245,1.17264,1.17227,213
2020-09-29 14:01:00,1.17244,1.17264,1.17267,1.17221,396
2020-09-29 14:02:00,1.17264,1.17309,1.17309,1.17261,274
2020-09-29 14:03:00,1.1731,1.17309,1.17345,1.17299,298
2020-09-29 14:04:00,1.17308,1.17309,1.17313,1.17295,270
2020-09-29 14:05:00,1.17308,1.17336,1.17346,1.17307,242
2020-09-29 14:06:00,1.17336,1.17327,1.17345,1.17321,233
2020-09-29 14:07:00,1.17328,1.1733,1.17336,1.17315,217
2020-09-29 14:08:00,1.17331,1.17301,1.17331,1.17293,204
2020-09-29 14:09:00,1.17301,1.17289,1.17309,1.17287,212
2020-09-29 14:10:00,1.17289,1.17292,1.17299,1.17277,226
2020-09-29 14:11:00,1.17292,1.17299,1.17311,1.17291,151
2020-09-29 14:12:00,1.17299,1.17301,1.17318,1.17297,163
2020-09-29 14:13:00,1.17301,1.17297,1.17308,1.17294,181
2020-09-29 14:14:00,1.17297,1.17285,1.17303,1.17281,191
2020-09-29 14:15:00,1.17287,1.17273,1.17293,1.17263,325
2020-09-29 14:16:00,1.17273,1.17268,1.17275,1.17265,154
2020-09-29 14:17:00,1.17268,1.17283,1.17287,1.17266,203
2020-09-29 14:18:00,1.17283,1.17296,1.17308,1.17263,265
2020-09-29 14:19:00,1.17295,1.1728,1.17297,1.17277,192
2020-09-29 14:20:00,1.1728,1.17298,1.17298,1.17277,204
2020-09-29 14:21:00,1.17299,1.17293,1.17309,1.17287,274
2020-09-29 14:22:00,1.17291,1.17327,1.17327,1.17291,227
2020-09-29 14:23:00,1.17327,1.17367,1.17376,1.1732,270
2020-09-29 14:24:00,1.17367,1.17369,1.17391,1.17359,365
2020-09-29 14:25:00,1.17368,1.17367,1.17377,1.17359,235
2020-09-29 14:26:00,1.17367,1.17389,1.17405,1.17363,275
2020-09-29 14:27:00,1.17389,1.17425,1.17441,1.17376,467
2020-09-29 14:28:00,1.17425,1.17411,1.17439,1.17359,599
2020-09-29 14:29:00,1.17411,1.17406,1.17428,1.17401,323
2020-09-29 14:30:00,1.17406,1.17383,1.17415,1.17375,166
2020-09-29 14:31:00,1.17383,1.1737,1.17399,1.17353,303
2020-09-29 14:32:00,1.1737,1.17369,1.17398,1.17365,239
2020-09-29 14:33:00,1.17369,1.17377,1.17388,1.17369,155
2020-09-29 14:34:00,1.17377,1.17339,1.17377,1.17335,489
2020-09-29 14:35:00,1.17339,1.17345,1.17355,1.17333,205
2020-09-29 14:36:00,1.17345,1.17341,1.17363,1.17331,306
2020-09-29 14:37:00,1.17341,1.17317,1.17341,1.17315,253
2020-09-29 14:38:00,1.17317,1.17289,1.17322,1.17281,298
2020-09-29 14:39:00,1.17289,1.17299,1.17309,1.17289,352
2020-09-29 14:40:00,1.17298,1.17294,1.17305,1.17285,258
2020-09-29 14:41:00,1.17295,1.17287,1.17302,1.17283,203
2020-09-29 14:42:00,1.17287,1.17315,1.17315,1.17283,196
2020-09-29 14:43:00,1.17315,1.17289,1.17316,1.17289,229
2020-09-29 14:44:00,1.17289,1.17303,1.17304,1.17285,206
2020-09-29 14:45:00,1.17303,1.17315,1.17318,1.17297,112
2020-09-29 14:46:00,1.17315,1.17283,1.1732,1.17281,249
2020-09-29 14:47:00,1.17283,1.17293,1.17299,1.17279,207
2020-09-29 14:48:00,1.17293,1.17301,1.17305,1.17287,204
2020-09-29 14:49:00,1.17301,1.17297,1.17303,1.17277,142
2020-09-29 14:50:00,1.17296,1.17309,1.17321,1.17289,175
2020-09-29 14:51:00,1.17309,1.17313,1.17327,1.17309,170
2020-09-29 14:52:00,1.17313,1.17327,1.17327,1.1729,248
2020-09-29 14:53:00,1.17327,1.17323,1.1733,1.17311,199
2020-09-29 14:54:00,1.17323,1.17338,1.17339,1.17321,243
2020-09-29 14:55:00,1.17339,1.17339,1.17347,1.17325,238
2020-09-29 14:56:00,1.17339,1.17342,1.17353,1.17339,224
2020-09-29 14:57:00,1.17342,1.17333,1.17343,1.17329,161
2020-09-29 14:58:00,1.17333,1.17305,1.17345,1.17302,275
2020-09-29 14:59:00,1.17305,1.17302,1.17317,1.173,346
2020-09-29 15:00:00,1.17301,1.1731,1.17326,1.173,300
2020-09-29 15:01:00,1.1731,1.17286,1.17331,1.17274,358
2020-09-29 15:02:00,1.17286,1.17278,1.17293,1.17276,263
2020-09-29 15:03:00,1.17278,1.17296,1.17313,1.17278,333
2020-09-29 15:04:00,1.17297,1.17299,1.17308,1.17282,262
2020-09-29 15:05:00,1.17298,1.17297,1.17308,1.17297,128
2020-09-29 15:06:00,1.17298,1.17337,1.17339,1.17297,108
2020-09-29 15:07:00,1.17335,1.17369,1.17369,1.17333,144
2020-09-29 15:08:00,1.17369,1.17407,1.17415,1.17361,271
2020-09-29 15:09:00,1.17405,1.17389,1.17405,1.17375,220
2020-09-29 15:10:00,1.17389,1.17378,1.17389,1.17365,144
2020-09-29 15:11:00,1.17379,1.17376,1.17387,1.17369,150
2020-09-29 15:12:00,1.17376,1.17377,1.17387,1.17372,137
2020-09-29 15:13:00,1.17377,1.17373,1.17397,1.17373,269
2020-09-29 15:14:00,1.17373,1.17371,1.17379,1.17368,58
2020-09-29 15:15:00,1.17371,1.1735,1.17377,1.17349,149
2020-09-29 15:16:00,1.1735,1.17351,1.17361,1.17337,210
2020-09-29 15:17:00,1.17351,1.17364,1.17371,1.17351,150
2020-09-29 15:18:00,1.17364,1.17361,1.17366,1.17359,97
2020-09-29 15:19:00,1.17361,1.17355,1.17364,1.1735,72
2020-09-29 15:20:00,1.17355,1.17367,1.17371,1.17349,127
2020-09-29 15:21:00,1.17367,1.17381,1.17387,1.17367,83
2020-09-29 15:22:00,1.17382,1.17399,1.17401,1.17382,97
2020-09-29 15:23:00,1.17399,1.17399,1.17413,1.17395,159
2020-09-29 15:24:00,1.17399,1.17407,1.17407,1.17395,86
2020-09-29 15:25:00,1.17408,1.17404,1.17416,1.17399,87
2020-09-29 15:26:00,1.17404,1.17417,1.17417,1.17403,77
2020-09-29 15:27:00,1.1742,1.17397,1.17421,1.17397,128
2020-09-29 15:28:00,1.17397,1.17372,1.17397,1.17363,149
2020-09-29 15:29:00,1.17371,1.17367,1.17375,1.17359,142
2020-09-29 15:30:00,1.17366,1.17372,1.17377,1.17359,106
2020-09-29 15:31:00,1.17376,1.17359,1.17377,1.17357,180
2020-09-29 15:32:00,1.17358,1.17353,1.17358,1.17343,143
2020-09-29 15:33:00,1.17353,1.17347,1.17353,1.17334,151
2020-09-29 15:34:00,1.17347,1.17355,1.17365,1.17339,198
2020-09-29 15:35:00,1.17355,1.17386,1.17387,1.17351,376
2020-09-29 15:36:00,1.17385,1.17376,1.17401,1.17375,188
2020-09-29 15:37:00,1.17375,1.17377,1.17383,1.17373,161
2020-09-29 15:38:00,1.17377,1.17388,1.17391,1.17375,160
2020-09-29 15:39:00,1.17388,1.17395,1.17395,1.17387,122
2020-09-29 15:40:00,1.17395,1.17379,1.17397,1.17376,145
2020-09-29 15:41:00,1.17379,1.17343,1.17392,1.1734,295
2020-09-29 15:42:00,1.17342,1.17255,1.17351,1.17254,443
2020-09-29 15:43:00,1.17255,1.1723,1.17285,1.17222,477
2020-09-29 15:44:00,1.17231,1.17225,1.17238,1.17201,341
2020-09-29 15:45:00,1.17222,1.17199,1.17227,1.17199,168
2020-09-29 15:46:00,1.17201,1.17185,1.1721,1.17181,257
2020-09-29 15:47:00,1.17185,1.17187,1.17195,1.17165,243
2020-09-29 15:48:00,1.17185,1.17187,1.17191,1.17161,191
2020-09-29 15:49:00,1.17187,1.17195,1.17222,1.17185,170
2020-09-29 15:50:00,1.17195,1.17191,1.17199,1.17179,250
2020-09-29 15:51:00,1.17191,1.17182,1.17192,1.17177,159
2020-09-29 15:52:00,1.17181,1.17199,1.17199,1.17179,131
2020-09-29 15:53:00,1.172,1.17199,1.17225,1.17195,121
2020-09-29 15:54:00,1.17201,1.17187,1.17205,1.17187,104
2020-09-29 15:55:00,1.17189,1.17191,1.17198,1.17187,141
2020-09-29 15:56:00,1.17192,1.17209,1.1721,1.17188,73
2020-09-29 15:57:00,1.17209,1.17213,1.17225,1.17205,141
2020-09-29 15:58:00,1.17212,1.1718,1.17213,1.17173,90
2020-09-29 15:59:00,1.17181,1.17177,1.17191,1.17173,178
2020-09-29 16:00:00,1.17179,1.17165,1.17188,1.17165,330
2020-09-29 16:01:00,1.17164,1.17155,1.17167,1.17147,438
2020-09-29 16:02:00,1.17155,1.17171,1.17171,1.17153,142
2020-09-29 16:03:00,1.17171,1.17185,1.17195,1.17171,149
2020-09-29 16:04:00,1.17185,1.17157,1.17185,1.17131,188
2020-09-29 16:05:00,1.17157,1.17137,1.17157,1.17127,168
2020-09-29 16:06:00,1.17136,1.17126,1.17142,1.17122,264
2020-09-29 16:07:00,1.17125,1.17101,1.17125,1.17097,204
2020-09-29 16:08:00,1.17102,1.17136,1.17136,1.17101,142
2020-09-29 16:09:00,1.17136,1.17142,1.17143,1.17125,81
2020-09-29 16:10:00,1.17142,1.17162,1.17164,1.17139,57
2020-09-29 16:11:00,1.17163,1.1715,1.17167,1.1715,102
2020-09-29 16:12:00,1.1715,1.17159,1.17161,1.17141,136
2020-09-29 16:13:00,1.17159,1.17165,1.17165,1.17148,92
2020-09-29 16:14:00,1.17163,1.17162,1.17164,1.17141,232
2020-09-29 16:15:00,1.17162,1.17132,1.17164,1.17131,117
2020-09-29 16:16:00,1.17133,1.17148,1.17148,1.1713,116
2020-09-29 16:17:00,1.17149,1.17133,1.17149,1.17133,74
2020-09-29 16:18:00,1.17133,1.17147,1.1715,1.17132,94
2020-09-29 16:19:00,1.1715,1.17163,1.17167,1.17147,104
2020-09-29 16:20:00,1.17163,1.17153,1.17163,1.17151,118
2020-09-29 16:21:00,1.17153,1.17162,1.17162,1.17149,134
2020-09-29 16:22:00,1.17162,1.17153,1.17167,1.17153,62
2020-09-29 16:23:00,1.17153,1.17179,1.17181,1.17153,91
2020-09-29 16:24:00,1.17179,1.17186,1.17193,1.17177,101
2020-09-29 16:25:00,1.17187,1.17177,1.17189,1.17171,163
2020-09-29 16:26:00,1.17177,1.17171,1.17177,1.17155,88
2020-09-29 16:27:00,1.17171,1.17171,1.17171,1.17161,63
2020-09-29 16:28:00,1.17171,1.17183,1.17185,1.17168,78
2020-09-29 16:29:00,1.17183,1.17203,1.17207,1.17179,78
2020-09-29 16:30:00,1.17202,1.17239,1.17239,1.17201,200
2020-09-29 16:31:00,1.17239,1.17255,1.17263,1.17232,155
2020-09-29 16:32:00,1.17255,1.17248,1.17257,1.17239,91
2020-09-29 16:33:00,1.17249,1.17249,1.17259,1.17243,128
2020-09-29 16:34:00,1.17251,1.17254,1.17255,1.17245,49
2020-09-29 16:35:00,1.17254,1.17263,1.17267,1.1725,55
2020-09-29 16:36:00,1.17263,1.17273,1.17278,1.17263,112
2020-09-29 16:37:00,1.17272,1.17273,1.17276,1.17267,72
2020-09-29 16:38:00,1.17273,1.17309,1.17309,1.17272,129
2020-09-29 16:39:00,1.17306,1.17321,1.17321,1.17301,124
2020-09-29 16:40:00,1.17321,1.17341,1.17343,1.17319,130
2020-09-29 16:41:00,1.17339,1.17328,1.17339,1.17307,192
2020-09-29 16:42:00,1.17328,1.17317,1.1733,1.17314,147
2020-09-29 16:43:00,1.17317,1.17317,1.17317,1.17312,128
2020-09-29 16:44:00,1.17317,1.17309,1.17317,1.17305,138
2020-09-29 16:45:00,1.17309,1.17291,1.17311,1.17291,148
2020-09-29 16:46:00,1.17291,1.173,1.173,1.1729,105
2020-09-29 16:47:00,1.173,1.17331,1.17331,1.173,145
2020-09-29 16:48:00,1.17333,1.17353,1.17354,1.17333,46
2020-09-29 16:49:00,1.17353,1.17357,1.17389,1.17351,122
2020-09-29 16:50:00,1.17357,1.17359,1.17372,1.17357,63
2020-09-29 16:51:00,1.17359,1.17374,1.17375,1.17359,52
2020-09-29 16:52:00,1.17374,1.17373,1.17374,1.17361,74
2020-09-29 16:53:00,1.17373,1.17373,1.17375,1.17365,72
2020-09-29 16:54:00,1.17373,1.1737,1.17375,1.17363,107
2020-09-29 16:55:00,1.1737,1.17368,1.17372,1.17364,74
2020-09-29 16:56:00,1.17368,1.17393,1.17396,1.17368,149
2020-09-29 16:57:00,1.17391,1.17385,1.17391,1.17373,191
2020-09-29 16:58:00,1.17385,1.17417,1.17421,1.17385,273
2020-09-29 16:59:00,1.17417,1.1739,1.17417,1.17383,308
2020-09-29 17:00:00,1.17389,1.17377,1.17394,1.17374,234
2020-09-29 17:01:00,1.17377,1.17388,1.17397,1.17366,282
2020-09-29 17:02:00,1.17388,1.17371,1.17391,1.1737,140
2020-09-29 17:03:00,1.17371,1.17369,1.17375,1.17366,114
2020-09-29 17:04:00,1.17369,1.17361,1.1737,1.17361,61
2020-09-29 17:05:00,1.17361,1.17354,1.17365,1.17351,130
2020-09-29 17:06:00,1.17354,1.17362,1.17381,1.17351,231
2020-09-29 17:07:00,1.17362,1.17361,1.17366,1.17358,70
2020-09-29 17:08:00,1.17361,1.17331,1.17361,1.17329,164
2020-09-29 17:09:00,1.17331,1.17341,1.17345,1.17326,156
2020-09-29 17:10:00,1.17341,1.17341,1.17346,1.17337,52
2020-09-29 17:11:00,1.17341,1.17348,1.17349,1.17341,68
2020-09-29 17:12:00,1.17348,1.17343,1.17351,1.17343,53
2020-09-29 17:13:00,1.17343,1.17332,1.1735,1.17327,133
2020-09-29 17:14:00,1.17332,1.17339,1.17339,1.17329,97
2020-09-29 17:15:00,1.17339,1.17331,1.17343,1.17329,151
2020-09-29 17:16:00,1.17331,1.17337,1.17344,1.17331,159
2020-09-29 17:17:00,1.17337,1.17321,1.17337,1.1732,93
2020-09-29 17:18:00,1.17322,1.17331,1.17338,1.17322,71
2020-09-29 17:19:00,1.17331,1.17343,1.17343,1.17331,133
2020-09-29 17:20:00,1.17342,1.17351,1.17353,1.17341,82
2020-09-29 17:21:00,1.17351,1.17355,1.17357,1.17347,101
2020-09-29 17:22:00,1.17355,1.17352,1.1736,1.17351,92
2020-09-29 17:23:00,1.17352,1.17357,1.17362,1.17351,119
2020-09-29 17:24:00,1.17357,1.17353,1.17357,1.17347,40
2020-09-29 17:25:00,1.17352,1.17359,1.17359,1.17351,27
2020-09-29 17:26:00,1.17359,1.17369,1.17369,1.17359,39
2020-09-29 17:27:00,1.17369,1.17363,1.17369,1.17361,18
2020-09-29 17:28:00,1.17363,1.17363,1.17367,1.17361,30
2020-09-29 17:29:00,1.17363,1.17358,1.17363,1.17357,24
2020-09-29 17:30:00,1.17358,1.17368,1.17368,1.17353,39
2020-09-29 17:31:00,1.17368,1.17373,1.17381,1.17368,43
2020-09-29 17:32:00,1.17373,1.17381,1.17381,1.17368,38
2020-09-29 17:33:00,1.17381,1.1738,1.17385,1.17379,15
2020-09-29 17:34:00,1.17377,1.17375,1.17379,1.17372,42
2020-09-29 17:35:00,1.17375,1.17371,1.17375,1.17367,16
2020-09-29 17:36:00,1.17371,1.17355,1.17371,1.17353,132
2020-09-29 17:37:00,1.17355,1.17361,1.17366,1.17353,160
2020-09-29 17:38:00,1.17361,1.17366,1.17367,1.17359,82
2020-09-29 17:39:00,1.17366,1.17374,1.17375,1.17366,124
2020-09-29 17:40:00,1.17374,1.17372,1.17375,1.17366,38
2020-09-29 17:41:00,1.17372,1.17371,1.17372,1.17366,60
2020-09-29 17:42:00,1.17371,1.17356,1.17373,1.17356,79
2020-09-29 17:43:00,1.17356,1.17361,1.17361,1.17351,83
2020-09-29 17:44:00,1.17361,1.17361,1.17363,1.17352,72
2020-09-29 17:45:00,1.17361,1.17351,1.17361,1.17351,24
2020-09-29 17:46:00,1.17351,1.17358,1.17361,1.17351,44
2020-09-29 17:47:00,1.17359,1.17362,1.17363,1.17359,13
2020-09-29 17:48:00,1.17362,1.17365,1.17372,1.17361,32
2020-09-29 17:49:00,1.17365,1.17363,1.17368,1.17363,8
2020-09-29 17:50:00,1.17363,1.17368,1.17368,1.1736,18
2020-09-29 17:51:00,1.17368,1.17396,1.17399,1.17368,52
2020-09-29 17:52:00,1.17396,1.17387,1.17396,1.17385,72
2020-09-29 17:53:00,1.17387,1.17393,1.17393,1.17384,61
2020-09-29 17:54:00,1.17393,1.17393,1.17403,1.17392,65
2020-09-29 17:55:00,1.17393,1.17388,1.17393,1.17383,29
2020-09-29 17:56:00,1.17388,1.17417,1.17419,1.17388,106
2020-09-29 17:57:00,1.17416,1.17398,1.17416,1.17393,89
2020-09-29 17:58:00,1.17398,1.17413,1.17417,1.17398,76
2020-09-29 17:59:00,1.17413,1.17415,1.17428,1.17412,95
2020-09-29 18:00:00,1.17415,1.17415,1.17423,1.17412,111
2020-09-29 18:01:00,1.17414,1.17429,1.17429,1.17411,69
2020-09-29 18:02:00,1.17428,1.17418,1.17429,1.17415,110
2020-09-29 18:03:00,1.17419,1.17437,1.17452,1.17419,91
2020-09-29 18:04:00,1.17437,1.17428,1.17438,1.17428,54
2020-09-29 18:05:00,1.17427,1.17427,1.17427,1.17425,23
2020-09-29 18:06:00,1.17427,1.17427,1.17432,1.17427,13
2020-09-29 18:07:00,1.17427,1.17417,1.17427,1.17414,67
2020-09-29 18:08:00,1.17417,1.17423,1.17427,1.17417,22
2020-09-29 18:09:00,1.17423,1.17419,1.17426,1.17417,40
2020-09-29 18:10:00,1.17419,1.17438,1.17439,1.17418,35
2020-09-29 18:11:00,1.17438,1.17439,1.17444,1.17433,39
2020-09-29 18:12:00,1.17439,1.17435,1.17439,1.17431,60
2020-09-29 18:13:00,1.17435,1.17426,1.17435,1.17424,32
2020-09-29 18:14:00,1.17426,1.17422,1.17426,1.17414,29
2020-09-29 18:15:00,1.17422,1.17421,1.17423,1.17414,42
2020-09-29 18:16:00,1.17419,1.17417,1.17421,1.17415,23
2020-09-29 18:17:00,1.17417,1.17442,1.17457,1.17417,98
2020-09-29 18:18:00,1.17443,1.17442,1.17443,1.17436,44
2020-09-29 18:19:00,1.17443,1.1745,1.17451,1.17437,40
2020-09-29 18:20:00,1.1745,1.17453,1.17454,1.17449,49
2020-09-29 18:21:00,1.17453,1.1745,1.17453,1.17443,58
2020-09-29 18:22:00,1.1745,1.17441,1.1745,1.17441,51
2020-09-29 18:23:00,1.17441,1.17437,1.17447,1.17435,60
2020-09-29 18:24:00,1.17438,1.17425,1.17441,1.17425,52
2020-09-29 18:25:00,1.17425,1.17426,1.17434,1.17425,32
2020-09-29 18:26:00,1.17425,1.17429,1.17431,1.17423,17
2020-09-29 18:27:00,1.17429,1.17427,1.17433,1.17427,26
2020-09-29 18:28:00,1.17427,1.17435,1.17435,1.17427,44
2020-09-29 18:29:00,1.17435,1.17439,1.17446,1.17435,57
2020-09-29 18:30:00,1.17439,1.17441,1.17441,1.17437,74
2020-09-29 18:31:00,1.17441,1.17433,1.17441,1.17433,62
2020-09-29 18:32:00,1.17432,1.17438,1.17439,1.17431,28
2020-09-29 18:33:00,1.17438,1.17443,1.17447,1.17438,18
2020-09-29 18:34:00,1.17443,1.17439,1.17443,1.17437,48
2020-09-29 18:35:00,1.17439,1.17433,1.17439,1.17427,48
2020-09-29 18:36:00,1.17433,1.17429,1.17433,1.17427,20
2020-09-29 18:37:00,1.17429,1.17427,1.17429,1.17426,25
2020-09-29 18:38:00,1.17427,1.17411,1.17429,1.17411,56
2020-09-29 18:39:00,1.17411,1.17419,1.17421,1.17411,79
2020-09-29 18:40:00,1.17419,1.17421,1.17425,1.17419,48
2020-09-29 18:41:00,1.17421,1.17418,1.17425,1.17415,95
2020-09-29 18:42:00,1.17417,1.17408,1.17417,1.17408,47
2020-09-29 18:43:00,1.17408,1.17391,1.17408,1.1739,88
2020-09-29 18:44:00,1.17391,1.17386,1.17391,1.17385,115
2020-09-29 18:45:00,1.17386,1.17391,1.17395,1.17385,87
2020-09-29 18:46:00,1.17391,1.1739,1.17393,1.17387,55
2020-09-29 18:47:00,1.1739,1.17395,1.17395,1.1739,35
2020-09-29 18:48:00,1.17395,1.17396,1.174,1.17393,56
2020-09-29 18:49:00,1.17396,1.17389,1.17396,1.17387,46
2020-09-29 18:50:00,1.17389,1.17391,1.17391,1.17383,55
2020-09-29 18:51:00,1.17391,1.17386,1.17396,1.17386,26
2020-09-29 18:52:00,1.17386,1.17381,1.17389,1.17381,40
2020-09-29 18:53:00,1.17381,1.17387,1.17387,1.17379,21
2020-09-29 18:54:00,1.17387,1.17397,1.17405,1.17387,91
2020-09-29 18:55:00,1.17399,1.17389,1.17402,1.17387,74
2020-09-29 18:56:00,1.17389,1.17382,1.17393,1.17382,57
2020-09-29 18:57:00,1.17382,1.1738,1.17385,1.1738,37
2020-09-29 18:58:00,1.1738,1.17387,1.17387,1.17377,91
2020-09-29 18:59:00,1.17387,1.17398,1.17399,1.17385,34
2020-09-29 19:00:00,1.17397,1.17367,1.17397,1.17367,114
2020-09-29 19:01:00,1.17368,1.17379,1.17383,1.17368,141
2020-09-29 19:02:00,1.17379,1.17385,1.17388,1.17357,94
2020-09-29 19:03:00,1.17385,1.17389,1.17401,1.17385,67
2020-09-29 19:04:00,1.17389,1.17379,1.17389,1.17374,42
2020-09-29 19:05:00,1.17379,1.17387,1.17389,1.17379,31
2020-09-29 19:06:00,1.17387,1.17384,1.17387,1.17379,19
2020-09-29 19:07:00,1.17384,1.17383,1.17389,1.17381,35
2020-09-29 19:08:00,1.17383,1.1738,1.17384,1.17377,29
2020-09-29 19:09:00,1.1738,1.17395,1.17395,1.1738,21
2020-09-29 19:10:00,1.17395,1.17388,1.17395,1.17387,20
2020-09-29 19:11:00,1.17389,1.17382,1.17389,1.17377,24
2020-09-29 19:12:00,1.17382,1.17383,1.17387,1.17381,50
2020-09-29 19:13:00,1.17383,1.17383,1.17383,1.17373,57
2020-09-29 19:14:00,1.17383,1.17381,1.17384,1.17377,25
2020-09-29 19:15:00,1.17381,1.17373,1.17381,1.17373,21
2020-09-29 19:16:00,1.17373,1.17369,1.17373,1.17369,23
2020-09-29 19:17:00,1.17371,1.17379,1.17379,1.17371,24
2020-09-29 19:18:00,1.17379,1.17381,1.17385,1.17375,39
2020-09-29 19:19:00,1.17381,1.17388,1.17391,1.17381,53
2020-09-29 19:20:00,1.17388,1.17392,1.17393,1.17388,18
2020-09-29 19:21:00,1.17392,1.17387,1.17392,1.17383,58
2020-09-29 19:22:00,1.17387,1.17396,1.17397,1.17381,56
2020-09-29 19:23:00,1.17396,1.17397,1.17401,1.17391,84
2020-09-29 19:24:00,1.17397,1.17402,1.17407,1.17396,88
2020-09-29 19:25:00,1.17402,1.17408,1.17408,1.17402,73
2020-09-29 19:26:00,1.17408,1.17409,1.1741,1.17401,79
2020-09-29 19:27:00,1.1741,1.17409,1.1741,1.17403,52
2020-09-29 19:28:00,1.17411,1.17399,1.17411,1.17397,90
2020-09-29 19:29:00,1.17399,1.17397,1.17403,1.17397,84
2020-09-29 19:30:00,1.17397,1.17402,1.17403,1.17395,85
2020-09-29 19:31:00,1.17402,1.17411,1.17415,1.17396,75
2020-09-29 19:32:00,1.17411,1.17414,1.17418,1.17411,45
2020-09-29 19:33:00,1.17414,1.17414,1.17415,1.17411,27
2020-09-29 19:34:00,1.17413,1.17415,1.17415,1.17413,14
2020-09-29 19:35:00,1.17415,1.17415,1.17417,1.17413,12
2020-09-29 19:36:00,1.17415,1.17413,1.17421,1.17413,39
2020-09-29 19:37:00,1.17413,1.17407,1.17413,1.17402,70
2020-09-29 19:38:00,1.17407,1.174,1.17409,1.17395,24
2020-09-29 19:39:00,1.17401,1.17403,1.17411,1.17401,24
2020-09-29 19:40:00,1.17403,1.174,1.17403,1.17399,17
2020-09-29 19:41:00,1.17401,1.17407,1.17409,1.17401,22
2020-09-29 19:42:00,1.17407,1.17398,1.17409,1.17397,64
2020-09-29 19:43:00,1.17398,1.174,1.17403,1.17397,39
2020-09-29 19:44:00,1.174,1.17403,1.17403,1.17397,37
2020-09-29 19:45:00,1.17403,1.17409,1.17413,1.17402,36
2020-09-29 19:46:00,1.17409,1.17413,1.17413,1.17409,16
2020-09-29 19:47:00,1.17413,1.1742,1.17421,1.17413,18
2020-09-29 19:48:00,1.17424,1.17433,1.17433,1.1742,34
2020-09-29 19:49:00,1.17433,1.17439,1.17439,1.17431,36
2020-09-29 19:50:00,1.17439,1.17434,1.17439,1.17429,49
2020-09-29 19:51:00,1.17435,1.17436,1.17436,1.17433,21
2020-09-29 19:52:00,1.17436,1.17441,1.17443,1.17436,33
2020-09-29 19:53:00,1.17441,1.17433,1.17441,1.17424,42
2020-09-29 19:54:00,1.17433,1.17436,1.17437,1.17429,54
2020-09-29 19:55:00,1.17435,1.17439,1.17443,1.17433,52
2020-09-29 19:56:00,1.17439,1.17416,1.17443,1.17414,81
2020-09-29 19:57:00,1.17417,1.17399,1.17417,1.17391,53
2020-09-29 19:58:00,1.174,1.17403,1.17405,1.17387,74
2020-09-29 19:59:00,1.17402,1.1739,1.17402,1.1739,73
2020-09-29 20:00:00,1.1739,1.17399,1.17399,1.17379,89
2020-09-29 20:01:00,1.17398,1.17374,1.174,1.17371,145
2020-09-29 20:02:00,1.17373,1.17367,1.17373,1.17363,90
2020-09-29 20:03:00,1.17367,1.17369,1.17371,1.17364,39
2020-09-29 20:04:00,1.17367,1.17375,1.17381,1.17367,29
2020-09-29 20:05:00,1.17375,1.17385,1.17387,1.17375,49
2020-09-29 20:06:00,1.17385,1.17398,1.17399,1.17385,35
2020-09-29 20:07:00,1.17399,1.17403,1.17403,1.17398,32
2020-09-29 20:08:00,1.17402,1.174,1.17409,1.17395,65
2020-09-29 20:09:00,1.174,1.17401,1.17405,1.174,10
2020-09-29 20:10:00,1.174,1.17405,1.17405,1.17399,28
2020-09-29 20:11:00,1.17405,1.17405,1.17405,1.174,14
2020-09-29 20:12:00,1.17405,1.17406,1.17407,1.17405,4
2020-09-29 20:13:00,1.17406,1.17405,1.17409,1.17403,23
2020-09-29 20:14:00,1.17404,1.17408,1.17409,1.17404,22
2020-09-29 20:15:00,1.17407,1.17407,1.17407,1.174,25
2020-09-29 20:16:00,1.17406,1.17408,1.17409,1.17405,8
2020-09-29 20:17:00,1.17408,1.17409,1.17409,1.17408,6
2020-09-29 20:18:00,1.17409,1.17409,1.17409,1.17406,13
2020-09-29 20:19:00,1.17409,1.17405,1.17409,1.17403,8
2020-09-29 20:20:00,1.17405,1.17407,1.17407,1.17405,3
2020-09-29 20:21:00,1.17407,1.17409,1.17409,1.17406,7
2020-09-29 20:22:00,1.17409,1.17408,1.17409,1.17408,4
2020-09-29 20:23:00,1.17408,1.17408,1.17409,1.17403,10
2020-09-29 20:24:00,1.17408,1.17409,1.17409,1.17405,3
2020-09-29 20:25:00,1.17409,1.17405,1.17409,1.17405,11
2020-09-29 20:26:00,1.17404,1.17408,1.17408,1.17403,14
2020-09-29 20:27:00,1.17408,1.17407,1.17408,1.17405,7
2020-09-29 20:28:00,1.17407,1.17404,1.17407,1.17404,9
2020-09-29 20:29:00,1.17404,1.17405,1.17406,1.17404,8
2020-09-29 20:30:00,1.17405,1.17409,1.17409,1.17403,33
2020-09-29 20:31:00,1.17409,1.17413,1.17413,1.17409,46
2020-09-29 20:32:00,1.17413,1.17419,1.17421,1.17413,20
2020-09-29 20:33:00,1.17419,1.17419,1.17421,1.17417,30
2020-09-29 20:34:00,1.17419,1.17419,1.17421,1.17418,10
2020-09-29 20:35:00,1.17419,1.17416,1.17423,1.17416,17
2020-09-29 20:36:00,1.17416,1.17424,1.17425,1.17414,17
2020-09-29 20:37:00,1.17425,1.17427,1.17429,1.17423,14
2020-09-29 20:38:00,1.17427,1.17427,1.17427,1.17427,0
2020-09-29 20:39:00,1.17427,1.17427,1.17428,1.17425,8
2020-09-29 20:40:00,1.17427,1.17423,1.17427,1.17423,8
2020-09-29 20:41:00,1.17423,1.17441,1.17449,1.17423,50
2020-09-29 20:42:00,1.17441,1.17431,1.17443,1.17431,32
2020-09-29 20:43:00,1.17431,1.17434,1.17434,1.17431,22
2020-09-29 20:44:00,1.17434,1.17434,1.17434,1.17434,2
2020-09-29 20:45:00,1.17434,1.17434,1.17434,1.17434,0
2020-09-29 20:46:00,1.17435,1.17439,1.17445,1.17435,30
2020-09-29 20:47:00,1.17439,1.17436,1.17439,1.17434,19
2020-09-29 20:48:00,1.17437,1.17439,1.17439,1.17437,9
2020-09-29 20:49:00,1.17439,1.17436,1.17439,1.17435,36
2020-09-29 20:50:00,1.17435,1.17435,1.17438,1.17435,9
2020-09-29 20:51:00,1.17435,1.17433,1.17439,1.17433,35
2020-09-29 20:52:00,1.17433,1.17427,1.17433,1.17426,17
2020-09-29 20:53:00,1.17427,1.17427,1.17427,1.17425,18
2020-09-29 20:54:00,1.17427,1.17427,1.17428,1.17423,26
2020-09-29 20:55:00,1.17427,1.17424,1.17427,1.17423,15
2020-09-29 20:56:00,1.17423,1.17424,1.17425,1.17423,39
2020-09-29 20:57:00,1.17424,1.17429,1.17429,1.17424,28
2020-09-29 20:58:00,1.17429,1.17431,1.17431,1.17429,12
2020-09-29 20:59:00,1.1743,1.17433,1.17433,1.17426,37
2020-09-29 21:00:00,1.17433,1.17429,1.17433,1.17429,27
2020-09-29 21:01:00,1.17429,1.17431,1.17434,1.17429,6
2020-09-29 21:02:00,1.17431,1.17434,1.17434,1.17431,2
2020-09-29 21:03:00,1.17434,1.17434,1.17434,1.17434,0
2020-09-29 21:04:00,1.17434,1.17433,1.17434,1.17433,1
2020-09-29 21:05:00,1.17433,1.17437,1.17437,1.17433,1
2020-09-29 21:06:00,1.17437,1.17433,1.17437,1.17433,3
2020-09-29 21:07:00,1.17433,1.17435,1.17435,1.17433,1
2020-09-29 21:08:00,1.17435,1.17437,1.17437,1.17435,2
2020-09-29 21:09:00,1.17437,1.17435,1.17437,1.17435,1
2020-09-29 21:10:00,1.17435,1.17427,1.17439,1.17423,16
2020-09-29 21:11:00,1.17427,1.17399,1.17427,1.17397,9
2020-09-29 21:12:00,1.17399,1.17395,1.17401,1.17394,3
2020-09-29 21:13:00,1.17397,1.17412,1.17417,1.17397,6
2020-09-29 21:14:00,1.17412,1.17407,1.17412,1.17399,3
2020-09-29 21:15:00,1.17407,1.17399,1.17413,1.17397,8
2020-09-29 21:16:00,1.17396,1.17405,1.17405,1.17396,4
2020-09-29 21:17:00,1.17405,1.17405,1.17405,1.17403,4
2020-09-29 21:18:00,1.17403,1.17396,1.17409,1.17386,18
2020-09-29 21:19:00,1.17396,1.17428,1.17429,1.17396,22
2020-09-29 21:20:00,1.17428,1.17418,1.17428,1.17415,4
2020-09-29 21:21:00,1.17418,1.17417,1.17418,1.17417,1
2020-09-29 21:22:00,1.17417,1.17417,1.17417,1.17417,0
2020-09-29 21:23:00,1.17417,1.17415,1.17417,1.17415,1
2020-09-29 21:24:00,1.17415,1.17419,1.17421,1.17415,2
2020-09-29 21:25:00,1.17419,1.17401,1.17419,1.17401,4
2020-09-29 21:26:00,1.17401,1.17401,1.17401,1.17401,0
2020-09-29 21:27:00,1.17401,1.17401,1.17405,1.17401,2
2020-09-29 21:28:00,1.17401,1.17413,1.17413,1.17401,2
2020-09-29 21:29:00,1.17413,1.17399,1.17414,1.17399,6
2020-09-29 21:30:00,1.17399,1.17411,1.17411,1.17399,1
2020-09-29 21:31:00,1.17411,1.17414,1.17419,1.17411,13
2020-09-29 21:32:00,1.17414,1.17419,1.17419,1.17403,2
2020-09-29 21:33:00,1.17419,1.17403,1.17419,1.17397,15
2020-09-29 21:34:00,1.17398,1.17403,1.17403,1.17398,2
2020-09-29 21:35:00,1.17403,1.17399,1.17403,1.17399,1
2020-09-29 21:36:00,1.17399,1.17403,1.17403,1.17399,4
2020-09-29 21:37:00,1.17403,1.17403,1.17403,1.17402,4
2020-09-29 21:38:00,1.17403,1.17411,1.17417,1.17403,13
2020-09-29 21:39:00,1.17411,1.17409,1.17412,1.17406,6
2020-09-29 21:40:00,1.1741,1.17411,1.17411,1.1741,2
2020-09-29 21:41:00,1.17411,1.17393,1.17411,1.17392,23
2020-09-29 21:42:00,1.17393,1.17401,1.17401,1.17393,11
2020-09-29 21:43:00,1.17401,1.17401,1.17401,1.17401,0
2020-09-29 21:44:00,1.17401,1.17408,1.17408,1.17401,1
2020-09-29 21:45:00,1.17408,1.17408,1.17408,1.17408,0
2020-09-29 21:46:00,1.17408,1.17395,1.17412,1.17391,8
2020-09-29 21:47:00,1.17395,1.17419,1.17419,1.17395,3
2020-09-29 21:48:00,1.17419,1.17419,1.17419,1.17418,2
2020-09-29 21:49:00,1.17419,1.17419,1.17419,1.17419,0
2020-09-29 21:50:00,1.17419,1.17418,1.17419,1.17418,1
2020-09-29 21:51:00,1.17418,1.17417,1.17418,1.17417,5
2020-09-29 21:52:00,1.17416,1.17415,1.17416,1.17415,2
2020-09-29 21:53:00,1.17415,1.17415,1.17417,1.17415,3
2020-09-29 21:54:00,1.17415,1.17415,1.17418,1.17408,9
2020-09-29 21:55:00,1.17415,1.17415,1.17415,1.17415,0
2020-09-29 21:56:00,1.17415,1.17404,1.17418,1.17404,15
2020-09-29 21:57:00,1.17404,1.17404,1.17404,1.17404,0
2020-09-29 21:58:00,1.17404,1.17404,1.17404,1.17404,0
2020-09-29 21:59:00,1.17404,1.17404,1.17404,1.17404,0
2020-09-29 22:00:00,1.17404,1.17404,1.17404,1.17404,0
2020-09-29 22:01:00,1.17399,1.17417,1.17422,1.17399,82
2020-09-29 22:02:00,1.17417,1.17405,1.17417,1.17403,86
2020-09-29 22:03:00,1.17405,1.17401,1.1741,1.17401,60
2020-09-29 22:04:00,1.17402,1.17404,1.17405,1.17401,72
2020-09-29 22:05:00,1.17404,1.17407,1.17411,1.17403,39
2020-09-29 22:06:00,1.17409,1.17421,1.17422,1.17407,46
2020-09-29 22:07:00,1.17421,1.17419,1.17425,1.17417,17
2020-09-29 22:08:00,1.17419,1.17413,1.17419,1.17413,4
2020-09-29 22:09:00,1.17413,1.17413,1.17417,1.17413,14
2020-09-29 22:10:00,1.17413,1.17415,1.17416,1.17413,4
2020-09-29 22:11:00,1.17416,1.17421,1.17425,1.17416,13
2020-09-29 22:12:00,1.17421,1.17421,1.17427,1.17421,9
2020-09-29 22:13:00,1.17421,1.17429,1.17437,1.17421,37
2020-09-29 22:14:00,1.17429,1.17428,1.17429,1.17427,4
2020-09-29 22:15:00,1.17427,1.17427,1.17427,1.17425,4
2020-09-29 22:16:00,1.17427,1.17425,1.17427,1.17425,5
2020-09-29 22:17:00,1.17425,1.17421,1.17425,1.17421,3
2020-09-29 22:18:00,1.17421,1.17421,1.17421,1.1742,2
2020-09-29 22:19:00,1.17421,1.17421,1.17421,1.17421,0
2020-09-29 22:20:00,1.17421,1.17425,1.17425,1.17421,4
2020-09-29 22:21:00,1.17425,1.17432,1.17433,1.17425,10
2020-09-29 22:22:00,1.17432,1.17433,1.17433,1.17432,10
2020-09-29 22:23:00,1.17433,1.17433,1.17433,1.17433,0
2020-09-29 22:24:00,1.17433,1.17433,1.17433,1.17433,1
2020-09-29 22:25:00,1.17433,1.17432,1.17438,1.17431,13
2020-09-29 22:26:00,1.17432,1.17433,1.17433,1.17431,10
2020-09-29 22:27:00,1.17433,1.17435,1.17435,1.17433,1
2020-09-29 22:28:00,1.17435,1.17435,1.17436,1.17435,4
2020-09-29 22:29:00,1.17435,1.17436,1.17437,1.17435,2
2020-09-29 22:30:00,1.17436,1.17435,1.17436,1.17435,3
2020-09-29 22:31:00,1.17433,1.17435,1.17435,1.17431,15
2020-09-29 22:32:00,1.17436,1.17435,1.17437,1.17433,10
2020-09-29 22:33:00,1.17435,1.17436,1.17437,1.17433,7
2020-09-29 22:34:00,1.17436,1.17437,1.1744,1.17436,16
2020-09-29 22:35:00,1.17437,1.17435,1.17439,1.17435,6
2020-09-29 22:36:00,1.17435,1.17437,1.17438,1.17435,4
2020-09-29 22:37:00,1.17437,1.17435,1.17437,1.17435,6
2020-09-29 22:38:00,1.17435,1.17437,1.17437,1.17435,12
2020-09-29 22:39:00,1.17437,1.17437,1.17437,1.17437,0
2020-09-29 22:40:00,1.17437,1.17436,1.17437,1.17435,7
2020-09-29 22:41:00,1.17436,1.17436,1.17436,1.17436,0
2020-09-29 22:42:00,1.17436,1.17445,1.17445,1.17435,11
2020-09-29 22:43:00,1.17445,1.17444,1.17445,1.17444,3
2020-09-29 22:44:00,1.17444,1.17443,1.17444,1.17443,1
2020-09-29 22:45:00,1.17443,1.17443,1.17443,1.17441,8
2020-09-29 22:46:00,1.17443,1.17441,1.17444,1.17441,8
2020-09-29 22:47:00,1.17441,1.17435,1.17442,1.17435,6
2020-09-29 22:48:00,1.17435,1.17433,1.17436,1.17431,11
2020-09-29 22:49:00,1.17433,1.17437,1.1744,1.17433,22
2020-09-29 22:50:00,1.17437,1.17435,1.17437,1.17435,4
2020-09-29 22:51:00,1.17435,1.17435,1.17436,1.17431,15
2020-09-29 22:52:00,1.17435,1.17443,1.17445,1.17435,66
2020-09-29 22:53:00,1.17443,1.17439,1.17443,1.17438,59
2020-09-29 22:54:00,1.17439,1.17441,1.17445,1.17439,8
2020-09-29 22:55:00,1.17441,1.1744,1.17441,1.1744,1
2020-09-29 22:56:00,1.1744,1.17444,1.17444,1.1744,8
2020-09-29 22:57:00,1.17445,1.17443,1.17445,1.1744,17
2020-09-29 22:58:00,1.17443,1.17444,1.17445,1.17441,13
2020-09-29 22:59:00,1.17444,1.17445,1.17449,1.17441,34
2020-09-29 23:00:00,1.17445,1.17445,1.17448,1.17441,53
2020-09-29 23:01:00,1.17445,1.17451,1.17451,1.17445,24
2020-09-29 23:02:00,1.17451,1.1745,1.17451,1.1745,3
2020-09-29 23:03:00,1.1745,1.17447,1.1745,1.17447,8
2020-09-29 23:04:00,1.17447,1.17449,1.17449,1.17447,4
2020-09-29 23:05:00,1.17449,1.17443,1.17449,1.17443,10
2020-09-29 23:06:00,1.17443,1.1744,1.17443,1.1744,3
2020-09-29 23:07:00,1.1744,1.17431,1.1744,1.17431,6
2020-09-29 23:08:00,1.17431,1.17431,1.17431,1.17431,0
2020-09-29 23:09:00,1.17431,1.17437,1.17437,1.17431,5
2020-09-29 23:10:00,1.17437,1.17444,1.17444,1.17437,4
2020-09-29 23:11:00,1.17444,1.17437,1.17445,1.17437,10
2020-09-29 23:12:00,1.17437,1.17437,1.17437,1.17435,11
2020-09-29 23:13:00,1.17437,1.17444,1.17445,1.17437,12
2020-09-29 23:14:00,1.17444,1.17441,1.17444,1.17435,18
2020-09-29 23:15:00,1.17441,1.17441,1.17442,1.17441,2
2020-09-29 23:16:00,1.17441,1.17442,1.17442,1.17441,1
2020-09-29 23:17:00,1.17442,1.17445,1.17445,1.17442,8
2020-09-29 23:18:00,1.17445,1.17441,1.17445,1.17441,7
2020-09-29 23:19:00,1.17441,1.17441,1.17441,1.17441,0
2020-09-29 23:20:00,1.17441,1.17447,1.17447,1.17441,7
2020-09-29 23:21:00,1.17447,1.17451,1.17451,1.17447,5
2020-09-29 23:22:00,1.17451,1.17451,1.17454,1.1745,10
2020-09-29 23:23:00,1.17451,1.17447,1.17451,1.17447,13
2020-09-29 23:24:00,1.17447,1.17445,1.17447,1.17445,6
2020-09-29 23:25:00,1.17445,1.17445,1.17445,1.17445,0
2020-09-29 23:26:00,1.17445,1.17449,1.17449,1.17445,11
2020-09-29 23:27:00,1.17449,1.17453,1.17453,1.17449,15
2020-09-29 23:28:00,1.17453,1.17449,1.17453,1.17449,8
2020-09-29 23:29:00,1.17449,1.17453,1.17453,1.17449,10
2020-09-29 23:30:00,1.17453,1.17453,1.17458,1.17452,16
2020-09-29 23:31:00,1.17452,1.17448,1.17452,1.17448,18
2020-09-29 23:32:00,1.17448,1.17431,1.17448,1.17431,25
2020-09-29 23:33:00,1.1743,1.17429,1.1743,1.17429,21
2020-09-29 23:34:00,1.17429,1.17433,1.17433,1.17429,11
2020-09-29 23:35:00,1.17433,1.17427,1.17433,1.17427,27
2020-09-29 23:36:00,1.17427,1.17421,1.17428,1.17421,37
2020-09-29 23:37:00,1.17421,1.17421,1.17424,1.17421,42
2020-09-29 23:38:00,1.1742,1.17418,1.1742,1.17417,33
2020-09-29 23:39:00,1.17418,1.17417,1.17419,1.17417,26
2020-09-29 23:40:00,1.17417,1.17419,1.17419,1.17417,17
2020-09-29 23:41:00,1.17419,1.17419,1.17421,1.17419,13
2020-09-29 23:42:00,1.17419,1.17423,1.17425,1.17419,19
2020-09-29 23:43:00,1.17423,1.17419,1.17423,1.17419,24
2020-09-29 23:44:00,1.17419,1.17415,1.17421,1.17415,12
2020-09-29 23:45:00,1.17415,1.17421,1.17421,1.17415,13
2020-09-29 23:46:00,1.17421,1.17426,1.17426,1.17419,70
2020-09-29 23:47:00,1.17426,1.17425,1.17427,1.17425,29
2020-09-29 23:48:00,1.17425,1.17419,1.17425,1.17419,44
2020-09-29 23:49:00,1.17419,1.17429,1.17429,1.17419,50
2020-09-29 23:50:00,1.17429,1.17427,1.17429,1.17425,25
2020-09-29 23:51:00,1.17427,1.17421,1.17427,1.1742,11
2020-09-29 23:52:00,1.17421,1.17425,1.17431,1.17421,111
2020-09-29 23:53:00,1.17425,1.17419,1.17427,1.17414,105
2020-09-29 23:54:00,1.17419,1.17413,1.17419,1.17409,18
2020-09-29 23:55:00,1.17412,1.17415,1.17415,1.17411,5
2020-09-29 23:56:00,1.17415,1.17415,1.17415,1.17415,0
2020-09-29 23:57:00,1.17415,1.17416,1.17416,1.17415,1
2020-09-29 23:58:00,1.17416,1.17415,1.17419,1.17415,11
2020-09-29 23:59:00,1.17415,1.17413,1.17415,1.17413,8
2020-09-30 00:00:00,1.17413,1.17417,1.17419,1.17413,38
2020-09-30 00:01:00,1.17417,1.17441,1.17446,1.17415,86
2020-09-30 00:02:00,1.17441,1.1744,1.17455,1.17437,70
2020-09-30 00:03:00,1.17439,1.17435,1.17449,1.17435,44
2020-09-30 00:04:00,1.17435,1.17453,1.17461,1.17435,60
2020-09-30 00:05:00,1.17453,1.17462,1.17469,1.17451,56
2020-09-30 00:06:00,1.17463,1.17479,1.17485,1.17463,80
2020-09-30 00:07:00,1.17478,1.17473,1.17478,1.17472,27
2020-09-30 00:08:00,1.17473,1.17473,1.17477,1.17469,24
2020-09-30 00:09:00,1.17473,1.17479,1.1748,1.17467,49
2020-09-30 00:10:00,1.17479,1.17483,1.17485,1.17473,80
2020-09-30 00:11:00,1.17483,1.17473,1.17485,1.17471,40
2020-09-30 00:12:00,1.17473,1.17469,1.17474,1.17468,33
2020-09-30 00:13:00,1.17469,1.17467,1.17471,1.17463,33
2020-09-30 00:14:00,1.17467,1.17468,1.17468,1.17462,25
2020-09-30 00:15:00,1.17468,1.17457,1.17469,1.17457,16
2020-09-30 00:16:00,1.17457,1.1746,1.1746,1.17451,44
2020-09-30 00:17:00,1.17461,1.17472,1.17472,1.17461,31
2020-09-30 00:18:00,1.17473,1.17475,1.17482,1.17472,51
2020-09-30 00:19:00,1.17475,1.17481,1.17483,1.17473,41
2020-09-30 00:20:00,1.17483,1.17478,1.17484,1.17477,21
2020-09-30 00:21:00,1.17479,1.17484,1.17486,1.17479,24
2020-09-30 00:22:00,1.17484,1.17479,1.17484,1.17478,30
2020-09-30 00:23:00,1.17479,1.17465,1.17481,1.17465,75
2020-09-30 00:24:00,1.17465,1.17465,1.17467,1.17459,46
2020-09-30 00:25:00,1.17465,1.17461,1.17466,1.17461,18
2020-09-30 00:26:00,1.17461,1.17476,1.17477,1.17461,52
2020-09-30 00:27:00,1.17476,1.1747,1.17477,1.17469,41
2020-09-30 00:28:00,1.1747,1.17465,1.17471,1.17463,27
2020-09-30 00:29:00,1.17465,1.17464,1.17465,1.17463,30
2020-09-30 00:30:00,1.17464,1.17476,1.17476,1.17463,41
2020-09-30 00:31:00,1.17476,1.17456,1.17477,1.17456,37
2020-09-30 00:32:00,1.17456,1.17457,1.17457,1.17449,55
2020-09-30 00:33:00,1.17457,1.17464,1.17464,1.17451,59
2020-09-30 00:34:00,1.17464,1.17466,1.17468,1.17462,18
2020-09-30 00:35:00,1.17466,1.1747,1.1747,1.17465,13
2020-09-30 00:36:00,1.1747,1.17478,1.17482,1.17469,40
2020-09-30 00:37:00,1.17478,1.17473,1.17478,1.17471,17
2020-09-30 00:38:00,1.17473,1.17473,1.17476,1.1747,17
2020-09-30 00:39:00,1.17473,1.17472,1.17473,1.17471,28
2020-09-30 00:40:00,1.17473,1.17479,1.17482,1.17473,30
2020-09-30 00:41:00,1.17478,1.17474,1.17479,1.17473,12
2020-09-30 00:42:00,1.17474,1.17475,1.17479,1.17474,26
2020-09-30 00:43:00,1.17475,1.17473,1.17475,1.17471,40
2020-09-30 00:44:00,1.17473,1.17463,1.17473,1.1746,78
2020-09-30 00:45:00,1.17463,1.17449,1.17463,1.17448,89
2020-09-30 00:46:00,1.17447,1.1744,1.17447,1.17429,82
2020-09-30 00:47:00,1.1744,1.17435,1.17443,1.17428,82
2020-09-30 00:48:00,1.17435,1.17435,1.17435,1.17434,25
2020-09-30 00:49:00,1.17435,1.17409,1.17435,1.17409,80
2020-09-30 00:50:00,1.17409,1.17423,1.17425,1.17409,52
2020-09-30 00:51:00,1.17421,1.17425,1.17425,1.17421,13
2020-09-30 00:52:00,1.17427,1.17423,1.17431,1.17421,46
2020-09-30 00:53:00,1.17423,1.17407,1.17424,1.17401,76
2020-09-30 00:54:00,1.17408,1.17415,1.17417,1.17407,67
2020-09-30 00:55:00,1.17415,1.17377,1.17426,1.17363,273
2020-09-30 00:56:00,1.17377,1.17401,1.17418,1.17365,191
2020-09-30 00:57:00,1.17401,1.17388,1.17403,1.17381,77
2020-09-30 00:58:00,1.17388,1.17391,1.17405,1.17388,79
2020-09-30 00:59:00,1.17391,1.17388,1.17391,1.17379,87
2020-09-30 01:00:00,1.17388,1.1738,1.17388,1.17379,90
2020-09-30 01:01:00,1.17381,1.17383,1.17383,1.17364,253
2020-09-30 01:02:00,1.17383,1.1739,1.17404,1.1738,150
2020-09-30 01:03:00,1.17389,1.17406,1.17407,1.17388,114
2020-09-30 01:04:00,1.17406,1.17409,1.17414,1.17405,57
2020-09-30 01:05:00,1.17409,1.17415,1.17417,1.17409,35
2020-09-30 01:06:00,1.17415,1.17429,1.17429,1.17413,124
2020-09-30 01:07:00,1.17428,1.17429,1.17431,1.17425,94
2020-09-30 01:08:00,1.17429,1.17408,1.17429,1.17401,171
2020-09-30 01:09:00,1.17408,1.17397,1.17409,1.17397,75
2020-09-30 01:10:00,1.17397,1.17403,1.17403,1.17393,81
2020-09-30 01:11:00,1.17403,1.17395,1.17403,1.17393,17
2020-09-30 01:12:00,1.17395,1.17401,1.1741,1.17395,57
2020-09-30 01:13:00,1.17399,1.17412,1.17417,1.17398,59
2020-09-30 01:14:00,1.17412,1.17416,1.17416,1.17403,49
2020-09-30 01:15:00,1.17416,1.17417,1.17425,1.17411,76
2020-09-30 01:16:00,1.17417,1.17437,1.17437,1.17416,43
2020-09-30 01:17:00,1.17437,1.17458,1.17458,1.17437,75
2020-09-30 01:18:00,1.17457,1.17463,1.1747,1.17454,228
2020-09-30 01:19:00,1.17463,1.17453,1.17465,1.17453,66
2020-09-30 01:20:00,1.17453,1.17471,1.17474,1.17453,86
2020-09-30 01:21:00,1.17471,1.17459,1.17471,1.17459,93
2020-09-30 01:22:00,1.17459,1.17459,1.17464,1.17457,54
2020-09-30 01:23:00,1.17459,1.17447,1.1746,1.17443,81
2020-09-30 01:24:00,1.17447,1.17461,1.17461,1.17447,63
2020-09-30 01:25:00,1.17461,1.17463,1.17463,1.17458,47
2020-09-30 01:26:00,1.17463,1.17467,1.17467,1.17453,84
2020-09-30 01:27:00,1.17467,1.17469,1.17475,1.17461,77
2020-09-30 01:28:00,1.17469,1.17475,1.17481,1.17469,50
2020-09-30 01:29:00,1.17475,1.17481,1.17481,1.17474,20
2020-09-30 01:30:00,1.17481,1.17485,1.17488,1.17478,52
2020-09-30 01:31:00,1.17483,1.1748,1.17483,1.17473,60
2020-09-30 01:32:00,1.17479,1.17481,1.17486,1.17477,53
2020-09-30 01:33:00,1.17481,1.1747,1.17482,1.17469,53
2020-09-30 01:34:00,1.1747,1.17469,1.17471,1.17461,41
2020-09-30 01:35:00,1.1747,1.17464,1.17479,1.17463,61
2020-09-30 01:36:00,1.17464,1.17461,1.17465,1.17455,42
2020-09-30 01:37:00,1.17461,1.17479,1.17479,1.17458,81
2020-09-30 01:38:00,1.17479,1.17473,1.17485,1.17469,105
2020-09-30 01:39:00,1.17473,1.17477,1.17483,1.17473,63
2020-09-30 01:40:00,1.17477,1.17492,1.17493,1.17477,104
2020-09-30 01:41:00,1.17492,1.17479,1.17493,1.17477,63
2020-09-30 01:42:00,1.17479,1.17474,1.17479,1.17466,57
2020-09-30 01:43:00,1.17475,1.17475,1.17475,1.17469,29
2020-09-30 01:44:00,1.17475,1.17477,1.17479,1.17475,15
2020-09-30 01:45:00,1.17475,1.17477,1.17479,1.17475,30
2020-09-30 01:46:00,1.17477,1.17469,1.17478,1.17467,57
2020-09-30 01:47:00,1.17469,1.17475,1.17475,1.17469,43
2020-09-30 01:48:00,1.17475,1.17481,1.17485,1.17475,62
2020-09-30 01:49:00,1.17481,1.17491,1.17491,1.17481,27
2020-09-30 01:50:00,1.17491,1.1749,1.17492,1.17489,15
2020-09-30 01:51:00,1.1749,1.17497,1.17499,1.17489,71
2020-09-30 01:52:00,1.17499,1.17496,1.17499,1.17495,22
2020-09-30 01:53:00,1.17495,1.17497,1.17499,1.17493,33
2020-09-30 01:54:00,1.17497,1.17467,1.17501,1.17465,103
2020-09-30 01:55:00,1.17467,1.17471,1.17477,1.17467,35
2020-09-30 01:56:00,1.17471,1.17461,1.17471,1.17461,30
2020-09-30 01:57:00,1.17461,1.17457,1.17461,1.17451,37
2020-09-30 01:58:00,1.17457,1.17457,1.17461,1.17453,42
2020-09-30 01:59:00,1.17457,1.17464,1.17464,1.17455,58
2020-09-30 02:00:00,1.17464,1.17455,1.17471,1.17455,70
2020-09-30 02:01:00,1.17454,1.17473,1.17473,1.1745,70
2020-09-30 02:02:00,1.17475,1.17467,1.17476,1.17467,83
2020-09-30 02:03:00,1.17467,1.17455,1.17467,1.17451,106
2020-09-30 02:04:00,1.17455,1.17451,1.17463,1.17449,64
